Rank,Model,Accuracy,F1_Macro,Avg_ROC_AUC,ROC_AUC_angry,ROC_AUC_disgust,ROC_AUC_fear,ROC_AUC_happy,ROC_AUC_neutral,ROC_AUC_sad,ROC_AUC_surprise,Precision_angry,Recall_angry,F1_angry,Precision_disgust,Recall_disgust,F1_disgust,Precision_fear,Recall_fear,F1_fear,Precision_happy,Recall_happy,F1_happy,Precision_neutral,Recall_neutral,F1_neutral,Precision_sad,Recall_sad,F1_sad,Precision_surprise,Recall_surprise,F1_surprise,True_angry,True_disgust,True_fear,True_happy,True_neutral,True_sad,True_surprise,Pred_angry,Pred_disgust,Pred_fear,Pred_happy,Pred_neutral,Pred_sad,Pred_surprise,Support_angry,Support_disgust,Support_fear,Support_happy,Support_neutral,Support_sad,Support_surprise,Error_Status
1,"resnet18_baseline_20260214_032948_best.pth",0.487740,0.427576,0.811522,0.765194,0.849268,0.702735,0.893836,0.804933,0.763014,0.901677,0.380000,0.210000,0.420000,0.670000,0.410000,0.390000,0.570000,0.340000,0.290000,0.150000,0.710000,0.510000,0.450000,0.650000,0.360000,0.240000,0.230000,0.690000,0.460000,0.410000,0.610000,958,111,1024,1774,1233,1247,831,871,154,370,1879,1507,1441,956,958,111,1024,1774,1233,1247,831,Success
2,"resnet18_baseline_20260214_032948.pth",0.487740,0.427576,0.811522,0.765194,0.849268,0.702735,0.893836,0.804933,0.763014,0.901677,0.380000,0.210000,0.420000,0.670000,0.410000,0.390000,0.570000,0.340000,0.290000,0.150000,0.710000,0.510000,0.450000,0.650000,0.360000,0.240000,0.230000,0.690000,0.460000,0.410000,0.610000,958,111,1024,1774,1233,1247,831,871,154,370,1879,1507,1441,956,958,111,1024,1774,1233,1247,831,Success
3,"wafflelover404_emotion_model.pth",0.484675,0.427546,0.815442,0.760731,0.874431,0.709116,0.904160,0.795754,0.762737,0.901164,0.350000,0.170000,0.450000,0.730000,0.420000,0.360000,0.690000,0.460000,0.300000,0.130000,0.690000,0.460000,0.520000,0.530000,0.400000,0.220000,0.200000,0.710000,0.440000,0.430000,0.600000,958,111,1024,1774,1233,1247,831,1267,193,297,1663,1341,1780,637,958,111,1024,1774,1233,1247,831,Success
4,"resnet18_fast_20260214_034900_best.pth",0.391613,0.331425,0.729796,0.679133,0.715383,0.635400,0.795906,0.720846,0.702094,0.859811,0.310000,0.270000,0.230000,0.550000,0.370000,0.330000,0.530000,0.150000,0.040000,0.330000,0.560000,0.410000,0.370000,0.450000,0.210000,0.060000,0.270000,0.550000,0.390000,0.350000,0.490000,958,111,1024,1774,1233,1247,831,479,15,1434,1779,1376,1387,708,958,111,1024,1774,1233,1247,831,Success
5,"resnet18_fast_20260214_034900.pth",0.346336,0.319071,0.740230,0.677798,0.738216,0.644933,0.803765,0.735282,0.716328,0.865290,0.310000,0.040000,0.250000,0.590000,0.440000,0.400000,0.490000,0.180000,0.550000,0.270000,0.520000,0.310000,0.180000,0.550000,0.220000,0.070000,0.260000,0.550000,0.360000,0.250000,0.520000,958,111,1024,1774,1233,1247,831,544,1600,1093,1568,878,565,930,958,111,1024,1774,1233,1247,831,Success
6,"efficientnet_b0_20260214_042226_best.pth",0.000000,0.000000,0.000000,0.000000,0.000000,0.000000,0.000000,0.000000,0.000000,0.000000,0.000000,0.000000,0.000000,0.000000,0.000000,0.000000,0.000000,0.000000,0.000000,0.000000,0.000000,0.000000,0.000000,0.000000,0.000000,0.000000,0.000000,0.000000,0.000000,0.000000,0.000000,0,0,0,0,0,0,0,0,0,0,0,0,0,0,0,0,0,0,0,0,0,"Error(s) in loading state_dict for ResNet:
	Missing key(s) in state_dict: "conv1.weight", "bn1.weight", "bn1.bias", "bn1.running_mean", "bn1.running_var", "layer1.0.conv1.weight", "layer1.0.bn1.weight", "layer1.0.bn1.bias", "layer1.0.bn1.running_mean", "layer1.0.bn1.running_var", "layer1.0.conv2.weight", "layer1.0.bn2.weight", "layer1.0.bn2.bias", "layer1.0.bn2.running_mean", "layer1.0.bn2.running_var", "layer1.1.conv1.weight", "layer1.1.bn1.weight", "layer1.1.bn1.bias", "layer1.1.bn1.running_mean", "layer1.1.bn1.running_var", "layer1.1.conv2.weight", "layer1.1.bn2.weight", "layer1.1.bn2.bias", "layer1.1.bn2.running_mean", "layer1.1.bn2.running_var", "layer2.0.conv1.weight", "layer2.0.bn1.weight", "layer2.0.bn1.bias", "layer2.0.bn1.running_mean", "layer2.0.bn1.running_var", "layer2.0.conv2.weight", "layer2.0.bn2.weight", "layer2.0.bn2.bias", "layer2.0.bn2.running_mean", "layer2.0.bn2.running_var", "layer2.0.downsample.0.weight", "layer2.0.downsample.1.weight", "layer2.0.downsample.1.bias", "layer2.0.downsample.1.running_mean", "layer2.0.downsample.1.running_var", "layer2.1.conv1.weight", "layer2.1.bn1.weight", "layer2.1.bn1.bias", "layer2.1.bn1.running_mean", "layer2.1.bn1.running_var", "layer2.1.conv2.weight", "layer2.1.bn2.weight", "layer2.1.bn2.bias", "layer2.1.bn2.running_mean", "layer2.1.bn2.running_var", "layer3.0.conv1.weight", "layer3.0.bn1.weight", "layer3.0.bn1.bias", "layer3.0.bn1.running_mean", "layer3.0.bn1.running_var", "layer3.0.conv2.weight", "layer3.0.bn2.weight", "layer3.0.bn2.bias", "layer3.0.bn2.running_mean", "layer3.0.bn2.running_var", "layer3.0.downsample.0.weight", "layer3.0.downsample.1.weight", "layer3.0.downsample.1.bias", "layer3.0.downsample.1.running_mean", "layer3.0.downsample.1.running_var", "layer3.1.conv1.weight", "layer3.1.bn1.weight", "layer3.1.bn1.bias", "layer3.1.bn1.running_mean", "layer3.1.bn1.running_var", "layer3.1.conv2.weight", "layer3.1.bn2.weight", "layer3.1.bn2.bias", "layer3.1.bn2.running_mean", "layer3.1.bn2.running_var", "layer4.0.conv1.weight", "layer4.0.bn1.weight", "layer4.0.bn1.bias", "layer4.0.bn1.running_mean", "layer4.0.bn1.running_var", "layer4.0.conv2.weight", "layer4.0.bn2.weight", "layer4.0.bn2.bias", "layer4.0.bn2.running_mean", "layer4.0.bn2.running_var", "layer4.0.downsample.0.weight", "layer4.0.downsample.1.weight", "layer4.0.downsample.1.bias", "layer4.0.downsample.1.running_mean", "layer4.0.downsample.1.running_var", "layer4.1.conv1.weight", "layer4.1.bn1.weight", "layer4.1.bn1.bias", "layer4.1.bn1.running_mean", "layer4.1.bn1.running_var", "layer4.1.conv2.weight", "layer4.1.bn2.weight", "layer4.1.bn2.bias", "layer4.1.bn2.running_mean", "layer4.1.bn2.running_var", "fc.weight", "fc.bias". 
	Unexpected key(s) in state_dict: "features.0.0.weight", "features.0.1.weight", "features.0.1.bias", "features.0.1.running_mean", "features.0.1.running_var", "features.0.1.num_batches_tracked", "features.1.0.block.0.0.weight", "features.1.0.block.0.1.weight", "features.1.0.block.0.1.bias", "features.1.0.block.0.1.running_mean", "features.1.0.block.0.1.running_var", "features.1.0.block.0.1.num_batches_tracked", "features.1.0.block.1.fc1.weight", "features.1.0.block.1.fc1.bias", "features.1.0.block.1.fc2.weight", "features.1.0.block.1.fc2.bias", "features.1.0.block.2.0.weight", "features.1.0.block.2.1.weight", "features.1.0.block.2.1.bias", "features.1.0.block.2.1.running_mean", "features.1.0.block.2.1.running_var", "features.1.0.block.2.1.num_batches_tracked", "features.2.0.block.0.0.weight", "features.2.0.block.0.1.weight", "features.2.0.block.0.1.bias", "features.2.0.block.0.1.running_mean", "features.2.0.block.0.1.running_var", "features.2.0.block.0.1.num_batches_tracked", "features.2.0.block.1.0.weight", "features.2.0.block.1.1.weight", "features.2.0.block.1.1.bias", "features.2.0.block.1.1.running_mean", "features.2.0.block.1.1.running_var", "features.2.0.block.1.1.num_batches_tracked", "features.2.0.block.2.fc1.weight", "features.2.0.block.2.fc1.bias", "features.2.0.block.2.fc2.weight", "features.2.0.block.2.fc2.bias", "features.2.0.block.3.0.weight", "features.2.0.block.3.1.weight", "features.2.0.block.3.1.bias", "features.2.0.block.3.1.running_mean", "features.2.0.block.3.1.running_var", "features.2.0.block.3.1.num_batches_tracked", "features.2.1.block.0.0.weight", "features.2.1.block.0.1.weight", "features.2.1.block.0.1.bias", "features.2.1.block.0.1.running_mean", "features.2.1.block.0.1.running_var", "features.2.1.block.0.1.num_batches_tracked", "features.2.1.block.1.0.weight", "features.2.1.block.1.1.weight", "features.2.1.block.1.1.bias", "features.2.1.block.1.1.running_mean", "features.2.1.block.1.1.running_var", "features.2.1.block.1.1.num_batches_tracked", "features.2.1.block.2.fc1.weight", "features.2.1.block.2.fc1.bias", "features.2.1.block.2.fc2.weight", "features.2.1.block.2.fc2.bias", "features.2.1.block.3.0.weight", "features.2.1.block.3.1.weight", "features.2.1.block.3.1.bias", "features.2.1.block.3.1.running_mean", "features.2.1.block.3.1.running_var", "features.2.1.block.3.1.num_batches_tracked", "features.3.0.block.0.0.weight", "features.3.0.block.0.1.weight", "features.3.0.block.0.1.bias", "features.3.0.block.0.1.running_mean", "features.3.0.block.0.1.running_var", "features.3.0.block.0.1.num_batches_tracked", "features.3.0.block.1.0.weight", "features.3.0.block.1.1.weight", "features.3.0.block.1.1.bias", "features.3.0.block.1.1.running_mean", "features.3.0.block.1.1.running_var", "features.3.0.block.1.1.num_batches_tracked", "features.3.0.block.2.fc1.weight", "features.3.0.block.2.fc1.bias", "features.3.0.block.2.fc2.weight", "features.3.0.block.2.fc2.bias", "features.3.0.block.3.0.weight", "features.3.0.block.3.1.weight", "features.3.0.block.3.1.bias", "features.3.0.block.3.1.running_mean", "features.3.0.block.3.1.running_var", "features.3.0.block.3.1.num_batches_tracked", "features.3.1.block.0.0.weight", "features.3.1.block.0.1.weight", "features.3.1.block.0.1.bias", "features.3.1.block.0.1.running_mean", "features.3.1.block.0.1.running_var", "features.3.1.block.0.1.num_batches_tracked", "features.3.1.block.1.0.weight", "features.3.1.block.1.1.weight", "features.3.1.block.1.1.bias", "features.3.1.block.1.1.running_mean", "features.3.1.block.1.1.running_var", "features.3.1.block.1.1.num_batches_tracked", "features.3.1.block.2.fc1.weight", "features.3.1.block.2.fc1.bias", "features.3.1.block.2.fc2.weight", "features.3.1.block.2.fc2.bias", "features.3.1.block.3.0.weight", "features.3.1.block.3.1.weight", "features.3.1.block.3.1.bias", "features.3.1.block.3.1.running_mean", "features.3.1.block.3.1.running_var", "features.3.1.block.3.1.num_batches_tracked", "features.4.0.block.0.0.weight", "features.4.0.block.0.1.weight", "features.4.0.block.0.1.bias", "features.4.0.block.0.1.running_mean", "features.4.0.block.0.1.running_var", "features.4.0.block.0.1.num_batches_tracked", "features.4.0.block.1.0.weight", "features.4.0.block.1.1.weight", "features.4.0.block.1.1.bias", "features.4.0.block.1.1.running_mean", "features.4.0.block.1.1.running_var", "features.4.0.block.1.1.num_batches_tracked", "features.4.0.block.2.fc1.weight", "features.4.0.block.2.fc1.bias", "features.4.0.block.2.fc2.weight", "features.4.0.block.2.fc2.bias", "features.4.0.block.3.0.weight", "features.4.0.block.3.1.weight", "features.4.0.block.3.1.bias", "features.4.0.block.3.1.running_mean", "features.4.0.block.3.1.running_var", "features.4.0.block.3.1.num_batches_tracked", "features.4.1.block.0.0.weight", "features.4.1.block.0.1.weight", "features.4.1.block.0.1.bias", "features.4.1.block.0.1.running_mean", "features.4.1.block.0.1.running_var", "features.4.1.block.0.1.num_batches_tracked", "features.4.1.block.1.0.weight", "features.4.1.block.1.1.weight", "features.4.1.block.1.1.bias", "features.4.1.block.1.1.running_mean", "features.4.1.block.1.1.running_var", "features.4.1.block.1.1.num_batches_tracked", "features.4.1.block.2.fc1.weight", "features.4.1.block.2.fc1.bias", "features.4.1.block.2.fc2.weight", "features.4.1.block.2.fc2.bias", "features.4.1.block.3.0.weight", "features.4.1.block.3.1.weight", "features.4.1.block.3.1.bias", "features.4.1.block.3.1.running_mean", "features.4.1.block.3.1.running_var", "features.4.1.block.3.1.num_batches_tracked", "features.4.2.block.0.0.weight", "features.4.2.block.0.1.weight", "features.4.2.block.0.1.bias", "features.4.2.block.0.1.running_mean", "features.4.2.block.0.1.running_var", "features.4.2.block.0.1.num_batches_tracked", "features.4.2.block.1.0.weight", "features.4.2.block.1.1.weight", "features.4.2.block.1.1.bias", "features.4.2.block.1.1.running_mean", "features.4.2.block.1.1.running_var", "features.4.2.block.1.1.num_batches_tracked", "features.4.2.block.2.fc1.weight", "features.4.2.block.2.fc1.bias", "features.4.2.block.2.fc2.weight", "features.4.2.block.2.fc2.bias", "features.4.2.block.3.0.weight", "features.4.2.block.3.1.weight", "features.4.2.block.3.1.bias", "features.4.2.block.3.1.running_mean", "features.4.2.block.3.1.running_var", "features.4.2.block.3.1.num_batches_tracked", "features.5.0.block.0.0.weight", "features.5.0.block.0.1.weight", "features.5.0.block.0.1.bias", "features.5.0.block.0.1.running_mean", "features.5.0.block.0.1.running_var", "features.5.0.block.0.1.num_batches_tracked", "features.5.0.block.1.0.weight", "features.5.0.block.1.1.weight", "features.5.0.block.1.1.bias", "features.5.0.block.1.1.running_mean", "features.5.0.block.1.1.running_var", "features.5.0.block.1.1.num_batches_tracked", "features.5.0.block.2.fc1.weight", "features.5.0.block.2.fc1.bias", "features.5.0.block.2.fc2.weight", "features.5.0.block.2.fc2.bias", "features.5.0.block.3.0.weight", "features.5.0.block.3.1.weight", "features.5.0.block.3.1.bias", "features.5.0.block.3.1.running_mean", "features.5.0.block.3.1.running_var", "features.5.0.block.3.1.num_batches_tracked", "features.5.1.block.0.0.weight", "features.5.1.block.0.1.weight", "features.5.1.block.0.1.bias", "features.5.1.block.0.1.running_mean", "features.5.1.block.0.1.running_var", "features.5.1.block.0.1.num_batches_tracked", "features.5.1.block.1.0.weight", "features.5.1.block.1.1.weight", "features.5.1.block.1.1.bias", "features.5.1.block.1.1.running_mean", "features.5.1.block.1.1.running_var", "features.5.1.block.1.1.num_batches_tracked", "features.5.1.block.2.fc1.weight", "features.5.1.block.2.fc1.bias", "features.5.1.block.2.fc2.weight", "features.5.1.block.2.fc2.bias", "features.5.1.block.3.0.weight", "features.5.1.block.3.1.weight", "features.5.1.block.3.1.bias", "features.5.1.block.3.1.running_mean", "features.5.1.block.3.1.running_var", "features.5.1.block.3.1.num_batches_tracked", "features.5.2.block.0.0.weight", "features.5.2.block.0.1.weight", "features.5.2.block.0.1.bias", "features.5.2.block.0.1.running_mean", "features.5.2.block.0.1.running_var", "features.5.2.block.0.1.num_batches_tracked", "features.5.2.block.1.0.weight", "features.5.2.block.1.1.weight", "features.5.2.block.1.1.bias", "features.5.2.block.1.1.running_mean", "features.5.2.block.1.1.running_var", "features.5.2.block.1.1.num_batches_tracked", "features.5.2.block.2.fc1.weight", "features.5.2.block.2.fc1.bias", "features.5.2.block.2.fc2.weight", "features.5.2.block.2.fc2.bias", "features.5.2.block.3.0.weight", "features.5.2.block.3.1.weight", "features.5.2.block.3.1.bias", "features.5.2.block.3.1.running_mean", "features.5.2.block.3.1.running_var", "features.5.2.block.3.1.num_batches_tracked", "features.6.0.block.0.0.weight", "features.6.0.block.0.1.weight", "features.6.0.block.0.1.bias", "features.6.0.block.0.1.running_mean", "features.6.0.block.0.1.running_var", "features.6.0.block.0.1.num_batches_tracked", "features.6.0.block.1.0.weight", "features.6.0.block.1.1.weight", "features.6.0.block.1.1.bias", "features.6.0.block.1.1.running_mean", "features.6.0.block.1.1.running_var", "features.6.0.block.1.1.num_batches_tracked", "features.6.0.block.2.fc1.weight", "features.6.0.block.2.fc1.bias", "features.6.0.block.2.fc2.weight", "features.6.0.block.2.fc2.bias", "features.6.0.block.3.0.weight", "features.6.0.block.3.1.weight", "features.6.0.block.3.1.bias", "features.6.0.block.3.1.running_mean", "features.6.0.block.3.1.running_var", "features.6.0.block.3.1.num_batches_tracked", "features.6.1.block.0.0.weight", "features.6.1.block.0.1.weight", "features.6.1.block.0.1.bias", "features.6.1.block.0.1.running_mean", "features.6.1.block.0.1.running_var", "features.6.1.block.0.1.num_batches_tracked", "features.6.1.block.1.0.weight", "features.6.1.block.1.1.weight", "features.6.1.block.1.1.bias", "features.6.1.block.1.1.running_mean", "features.6.1.block.1.1.running_var", "features.6.1.block.1.1.num_batches_tracked", "features.6.1.block.2.fc1.weight", "features.6.1.block.2.fc1.bias", "features.6.1.block.2.fc2.weight", "features.6.1.block.2.fc2.bias", "features.6.1.block.3.0.weight", "features.6.1.block.3.1.weight", "features.6.1.block.3.1.bias", "features.6.1.block.3.1.running_mean", "features.6.1.block.3.1.running_var", "features.6.1.block.3.1.num_batches_tracked", "features.6.2.block.0.0.weight", "features.6.2.block.0.1.weight", "features.6.2.block.0.1.bias", "features.6.2.block.0.1.running_mean", "features.6.2.block.0.1.running_var", "features.6.2.block.0.1.num_batches_tracked", "features.6.2.block.1.0.weight", "features.6.2.block.1.1.weight", "features.6.2.block.1.1.bias", "features.6.2.block.1.1.running_mean", "features.6.2.block.1.1.running_var", "features.6.2.block.1.1.num_batches_tracked", "features.6.2.block.2.fc1.weight", "features.6.2.block.2.fc1.bias", "features.6.2.block.2.fc2.weight", "features.6.2.block.2.fc2.bias", "features.6.2.block.3.0.weight", "features.6.2.block.3.1.weight", "features.6.2.block.3.1.bias", "features.6.2.block.3.1.running_mean", "features.6.2.block.3.1.running_var", "features.6.2.block.3.1.num_batches_tracked", "features.6.3.block.0.0.weight", "features.6.3.block.0.1.weight", "features.6.3.block.0.1.bias", "features.6.3.block.0.1.running_mean", "features.6.3.block.0.1.running_var", "features.6.3.block.0.1.num_batches_tracked", "features.6.3.block.1.0.weight", "features.6.3.block.1.1.weight", "features.6.3.block.1.1.bias", "features.6.3.block.1.1.running_mean", "features.6.3.block.1.1.running_var", "features.6.3.block.1.1.num_batches_tracked", "features.6.3.block.2.fc1.weight", "features.6.3.block.2.fc1.bias", "features.6.3.block.2.fc2.weight", "features.6.3.block.2.fc2.bias", "features.6.3.block.3.0.weight", "features.6.3.block.3.1.weight", "features.6.3.block.3.1.bias", "features.6.3.block.3.1.running_mean", "features.6.3.block.3.1.running_var", "features.6.3.block.3.1.num_batches_tracked", "features.7.0.block.0.0.weight", "features.7.0.block.0.1.weight", "features.7.0.block.0.1.bias", "features.7.0.block.0.1.running_mean", "features.7.0.block.0.1.running_var", "features.7.0.block.0.1.num_batches_tracked", "features.7.0.block.1.0.weight", "features.7.0.block.1.1.weight", "features.7.0.block.1.1.bias", "features.7.0.block.1.1.running_mean", "features.7.0.block.1.1.running_var", "features.7.0.block.1.1.num_batches_tracked", "features.7.0.block.2.fc1.weight", "features.7.0.block.2.fc1.bias", "features.7.0.block.2.fc2.weight", "features.7.0.block.2.fc2.bias", "features.7.0.block.3.0.weight", "features.7.0.block.3.1.weight", "features.7.0.block.3.1.bias", "features.7.0.block.3.1.running_mean", "features.7.0.block.3.1.running_var", "features.7.0.block.3.1.num_batches_tracked", "features.8.0.weight", "features.8.1.weight", "features.8.1.bias", "features.8.1.running_mean", "features.8.1.running_var", "features.8.1.num_batches_tracked", "classifier.1.weight", "classifier.1.bias". "
7,"resnet34_deep_20260214_042917_best.pth",0.000000,0.000000,0.000000,0.000000,0.000000,0.000000,0.000000,0.000000,0.000000,0.000000,0.000000,0.000000,0.000000,0.000000,0.000000,0.000000,0.000000,0.000000,0.000000,0.000000,0.000000,0.000000,0.000000,0.000000,0.000000,0.000000,0.000000,0.000000,0.000000,0.000000,0.000000,0,0,0,0,0,0,0,0,0,0,0,0,0,0,0,0,0,0,0,0,0,"Error(s) in loading state_dict for ResNet:
	Unexpected key(s) in state_dict: "layer1.2.conv1.weight", "layer1.2.bn1.weight", "layer1.2.bn1.bias", "layer1.2.bn1.running_mean", "layer1.2.bn1.running_var", "layer1.2.bn1.num_batches_tracked", "layer1.2.conv2.weight", "layer1.2.bn2.weight", "layer1.2.bn2.bias", "layer1.2.bn2.running_mean", "layer1.2.bn2.running_var", "layer1.2.bn2.num_batches_tracked", "layer2.2.conv1.weight", "layer2.2.bn1.weight", "layer2.2.bn1.bias", "layer2.2.bn1.running_mean", "layer2.2.bn1.running_var", "layer2.2.bn1.num_batches_tracked", "layer2.2.conv2.weight", "layer2.2.bn2.weight", "layer2.2.bn2.bias", "layer2.2.bn2.running_mean", "layer2.2.bn2.running_var", "layer2.2.bn2.num_batches_tracked", "layer2.3.conv1.weight", "layer2.3.bn1.weight", "layer2.3.bn1.bias", "layer2.3.bn1.running_mean", "layer2.3.bn1.running_var", "layer2.3.bn1.num_batches_tracked", "layer2.3.conv2.weight", "layer2.3.bn2.weight", "layer2.3.bn2.bias", "layer2.3.bn2.running_mean", "layer2.3.bn2.running_var", "layer2.3.bn2.num_batches_tracked", "layer3.2.conv1.weight", "layer3.2.bn1.weight", "layer3.2.bn1.bias", "layer3.2.bn1.running_mean", "layer3.2.bn1.running_var", "layer3.2.bn1.num_batches_tracked", "layer3.2.conv2.weight", "layer3.2.bn2.weight", "layer3.2.bn2.bias", "layer3.2.bn2.running_mean", "layer3.2.bn2.running_var", "layer3.2.bn2.num_batches_tracked", "layer3.3.conv1.weight", "layer3.3.bn1.weight", "layer3.3.bn1.bias", "layer3.3.bn1.running_mean", "layer3.3.bn1.running_var", "layer3.3.bn1.num_batches_tracked", "layer3.3.conv2.weight", "layer3.3.bn2.weight", "layer3.3.bn2.bias", "layer3.3.bn2.running_mean", "layer3.3.bn2.running_var", "layer3.3.bn2.num_batches_tracked", "layer3.4.conv1.weight", "layer3.4.bn1.weight", "layer3.4.bn1.bias", "layer3.4.bn1.running_mean", "layer3.4.bn1.running_var", "layer3.4.bn1.num_batches_tracked", "layer3.4.conv2.weight", "layer3.4.bn2.weight", "layer3.4.bn2.bias", "layer3.4.bn2.running_mean", "layer3.4.bn2.running_var", "layer3.4.bn2.num_batches_tracked", "layer3.5.conv1.weight", "layer3.5.bn1.weight", "layer3.5.bn1.bias", "layer3.5.bn1.running_mean", "layer3.5.bn1.running_var", "layer3.5.bn1.num_batches_tracked", "layer3.5.conv2.weight", "layer3.5.bn2.weight", "layer3.5.bn2.bias", "layer3.5.bn2.running_mean", "layer3.5.bn2.running_var", "layer3.5.bn2.num_batches_tracked", "layer4.2.conv1.weight", "layer4.2.bn1.weight", "layer4.2.bn1.bias", "layer4.2.bn1.running_mean", "layer4.2.bn1.running_var", "layer4.2.bn1.num_batches_tracked", "layer4.2.conv2.weight", "layer4.2.bn2.weight", "layer4.2.bn2.bias", "layer4.2.bn2.running_mean", "layer4.2.bn2.running_var", "layer4.2.bn2.num_batches_tracked". "
8,"mobilenet_v2_small_20260214_035156.pth",0.000000,0.000000,0.000000,0.000000,0.000000,0.000000,0.000000,0.000000,0.000000,0.000000,0.000000,0.000000,0.000000,0.000000,0.000000,0.000000,0.000000,0.000000,0.000000,0.000000,0.000000,0.000000,0.000000,0.000000,0.000000,0.000000,0.000000,0.000000,0.000000,0.000000,0.000000,0,0,0,0,0,0,0,0,0,0,0,0,0,0,0,0,0,0,0,0,0,"Error(s) in loading state_dict for ResNet:
	Missing key(s) in state_dict: "conv1.weight", "bn1.weight", "bn1.bias", "bn1.running_mean", "bn1.running_var", "layer1.0.conv1.weight", "layer1.0.bn1.weight", "layer1.0.bn1.bias", "layer1.0.bn1.running_mean", "layer1.0.bn1.running_var", "layer1.0.conv2.weight", "layer1.0.bn2.weight", "layer1.0.bn2.bias", "layer1.0.bn2.running_mean", "layer1.0.bn2.running_var", "layer1.1.conv1.weight", "layer1.1.bn1.weight", "layer1.1.bn1.bias", "layer1.1.bn1.running_mean", "layer1.1.bn1.running_var", "layer1.1.conv2.weight", "layer1.1.bn2.weight", "layer1.1.bn2.bias", "layer1.1.bn2.running_mean", "layer1.1.bn2.running_var", "layer2.0.conv1.weight", "layer2.0.bn1.weight", "layer2.0.bn1.bias", "layer2.0.bn1.running_mean", "layer2.0.bn1.running_var", "layer2.0.conv2.weight", "layer2.0.bn2.weight", "layer2.0.bn2.bias", "layer2.0.bn2.running_mean", "layer2.0.bn2.running_var", "layer2.0.downsample.0.weight", "layer2.0.downsample.1.weight", "layer2.0.downsample.1.bias", "layer2.0.downsample.1.running_mean", "layer2.0.downsample.1.running_var", "layer2.1.conv1.weight", "layer2.1.bn1.weight", "layer2.1.bn1.bias", "layer2.1.bn1.running_mean", "layer2.1.bn1.running_var", "layer2.1.conv2.weight", "layer2.1.bn2.weight", "layer2.1.bn2.bias", "layer2.1.bn2.running_mean", "layer2.1.bn2.running_var", "layer3.0.conv1.weight", "layer3.0.bn1.weight", "layer3.0.bn1.bias", "layer3.0.bn1.running_mean", "layer3.0.bn1.running_var", "layer3.0.conv2.weight", "layer3.0.bn2.weight", "layer3.0.bn2.bias", "layer3.0.bn2.running_mean", "layer3.0.bn2.running_var", "layer3.0.downsample.0.weight", "layer3.0.downsample.1.weight", "layer3.0.downsample.1.bias", "layer3.0.downsample.1.running_mean", "layer3.0.downsample.1.running_var", "layer3.1.conv1.weight", "layer3.1.bn1.weight", "layer3.1.bn1.bias", "layer3.1.bn1.running_mean", "layer3.1.bn1.running_var", "layer3.1.conv2.weight", "layer3.1.bn2.weight", "layer3.1.bn2.bias", "layer3.1.bn2.running_mean", "layer3.1.bn2.running_var", "layer4.0.conv1.weight", "layer4.0.bn1.weight", "layer4.0.bn1.bias", "layer4.0.bn1.running_mean", "layer4.0.bn1.running_var", "layer4.0.conv2.weight", "layer4.0.bn2.weight", "layer4.0.bn2.bias", "layer4.0.bn2.running_mean", "layer4.0.bn2.running_var", "layer4.0.downsample.0.weight", "layer4.0.downsample.1.weight", "layer4.0.downsample.1.bias", "layer4.0.downsample.1.running_mean", "layer4.0.downsample.1.running_var", "layer4.1.conv1.weight", "layer4.1.bn1.weight", "layer4.1.bn1.bias", "layer4.1.bn1.running_mean", "layer4.1.bn1.running_var", "layer4.1.conv2.weight", "layer4.1.bn2.weight", "layer4.1.bn2.bias", "layer4.1.bn2.running_mean", "layer4.1.bn2.running_var", "fc.weight", "fc.bias". 
	Unexpected key(s) in state_dict: "features.0.0.weight", "features.0.1.weight", "features.0.1.bias", "features.0.1.running_mean", "features.0.1.running_var", "features.0.1.num_batches_tracked", "features.1.conv.0.0.weight", "features.1.conv.0.1.weight", "features.1.conv.0.1.bias", "features.1.conv.0.1.running_mean", "features.1.conv.0.1.running_var", "features.1.conv.0.1.num_batches_tracked", "features.1.conv.1.weight", "features.1.conv.2.weight", "features.1.conv.2.bias", "features.1.conv.2.running_mean", "features.1.conv.2.running_var", "features.1.conv.2.num_batches_tracked", "features.2.conv.0.0.weight", "features.2.conv.0.1.weight", "features.2.conv.0.1.bias", "features.2.conv.0.1.running_mean", "features.2.conv.0.1.running_var", "features.2.conv.0.1.num_batches_tracked", "features.2.conv.1.0.weight", "features.2.conv.1.1.weight", "features.2.conv.1.1.bias", "features.2.conv.1.1.running_mean", "features.2.conv.1.1.running_var", "features.2.conv.1.1.num_batches_tracked", "features.2.conv.2.weight", "features.2.conv.3.weight", "features.2.conv.3.bias", "features.2.conv.3.running_mean", "features.2.conv.3.running_var", "features.2.conv.3.num_batches_tracked", "features.3.conv.0.0.weight", "features.3.conv.0.1.weight", "features.3.conv.0.1.bias", "features.3.conv.0.1.running_mean", "features.3.conv.0.1.running_var", "features.3.conv.0.1.num_batches_tracked", "features.3.conv.1.0.weight", "features.3.conv.1.1.weight", "features.3.conv.1.1.bias", "features.3.conv.1.1.running_mean", "features.3.conv.1.1.running_var", "features.3.conv.1.1.num_batches_tracked", "features.3.conv.2.weight", "features.3.conv.3.weight", "features.3.conv.3.bias", "features.3.conv.3.running_mean", "features.3.conv.3.running_var", "features.3.conv.3.num_batches_tracked", "features.4.conv.0.0.weight", "features.4.conv.0.1.weight", "features.4.conv.0.1.bias", "features.4.conv.0.1.running_mean", "features.4.conv.0.1.running_var", "features.4.conv.0.1.num_batches_tracked", "features.4.conv.1.0.weight", "features.4.conv.1.1.weight", "features.4.conv.1.1.bias", "features.4.conv.1.1.running_mean", "features.4.conv.1.1.running_var", "features.4.conv.1.1.num_batches_tracked", "features.4.conv.2.weight", "features.4.conv.3.weight", "features.4.conv.3.bias", "features.4.conv.3.running_mean", "features.4.conv.3.running_var", "features.4.conv.3.num_batches_tracked", "features.5.conv.0.0.weight", "features.5.conv.0.1.weight", "features.5.conv.0.1.bias", "features.5.conv.0.1.running_mean", "features.5.conv.0.1.running_var", "features.5.conv.0.1.num_batches_tracked", "features.5.conv.1.0.weight", "features.5.conv.1.1.weight", "features.5.conv.1.1.bias", "features.5.conv.1.1.running_mean", "features.5.conv.1.1.running_var", "features.5.conv.1.1.num_batches_tracked", "features.5.conv.2.weight", "features.5.conv.3.weight", "features.5.conv.3.bias", "features.5.conv.3.running_mean", "features.5.conv.3.running_var", "features.5.conv.3.num_batches_tracked", "features.6.conv.0.0.weight", "features.6.conv.0.1.weight", "features.6.conv.0.1.bias", "features.6.conv.0.1.running_mean", "features.6.conv.0.1.running_var", "features.6.conv.0.1.num_batches_tracked", "features.6.conv.1.0.weight", "features.6.conv.1.1.weight", "features.6.conv.1.1.bias", "features.6.conv.1.1.running_mean", "features.6.conv.1.1.running_var", "features.6.conv.1.1.num_batches_tracked", "features.6.conv.2.weight", "features.6.conv.3.weight", "features.6.conv.3.bias", "features.6.conv.3.running_mean", "features.6.conv.3.running_var", "features.6.conv.3.num_batches_tracked", "features.7.conv.0.0.weight", "features.7.conv.0.1.weight", "features.7.conv.0.1.bias", "features.7.conv.0.1.running_mean", "features.7.conv.0.1.running_var", "features.7.conv.0.1.num_batches_tracked", "features.7.conv.1.0.weight", "features.7.conv.1.1.weight", "features.7.conv.1.1.bias", "features.7.conv.1.1.running_mean", "features.7.conv.1.1.running_var", "features.7.conv.1.1.num_batches_tracked", "features.7.conv.2.weight", "features.7.conv.3.weight", "features.7.conv.3.bias", "features.7.conv.3.running_mean", "features.7.conv.3.running_var", "features.7.conv.3.num_batches_tracked", "features.8.conv.0.0.weight", "features.8.conv.0.1.weight", "features.8.conv.0.1.bias", "features.8.conv.0.1.running_mean", "features.8.conv.0.1.running_var", "features.8.conv.0.1.num_batches_tracked", "features.8.conv.1.0.weight", "features.8.conv.1.1.weight", "features.8.conv.1.1.bias", "features.8.conv.1.1.running_mean", "features.8.conv.1.1.running_var", "features.8.conv.1.1.num_batches_tracked", "features.8.conv.2.weight", "features.8.conv.3.weight", "features.8.conv.3.bias", "features.8.conv.3.running_mean", "features.8.conv.3.running_var", "features.8.conv.3.num_batches_tracked", "features.9.conv.0.0.weight", "features.9.conv.0.1.weight", "features.9.conv.0.1.bias", "features.9.conv.0.1.running_mean", "features.9.conv.0.1.running_var", "features.9.conv.0.1.num_batches_tracked", "features.9.conv.1.0.weight", "features.9.conv.1.1.weight", "features.9.conv.1.1.bias", "features.9.conv.1.1.running_mean", "features.9.conv.1.1.running_var", "features.9.conv.1.1.num_batches_tracked", "features.9.conv.2.weight", "features.9.conv.3.weight", "features.9.conv.3.bias", "features.9.conv.3.running_mean", "features.9.conv.3.running_var", "features.9.conv.3.num_batches_tracked", "features.10.conv.0.0.weight", "features.10.conv.0.1.weight", "features.10.conv.0.1.bias", "features.10.conv.0.1.running_mean", "features.10.conv.0.1.running_var", "features.10.conv.0.1.num_batches_tracked", "features.10.conv.1.0.weight", "features.10.conv.1.1.weight", "features.10.conv.1.1.bias", "features.10.conv.1.1.running_mean", "features.10.conv.1.1.running_var", "features.10.conv.1.1.num_batches_tracked", "features.10.conv.2.weight", "features.10.conv.3.weight", "features.10.conv.3.bias", "features.10.conv.3.running_mean", "features.10.conv.3.running_var", "features.10.conv.3.num_batches_tracked", "features.11.conv.0.0.weight", "features.11.conv.0.1.weight", "features.11.conv.0.1.bias", "features.11.conv.0.1.running_mean", "features.11.conv.0.1.running_var", "features.11.conv.0.1.num_batches_tracked", "features.11.conv.1.0.weight", "features.11.conv.1.1.weight", "features.11.conv.1.1.bias", "features.11.conv.1.1.running_mean", "features.11.conv.1.1.running_var", "features.11.conv.1.1.num_batches_tracked", "features.11.conv.2.weight", "features.11.conv.3.weight", "features.11.conv.3.bias", "features.11.conv.3.running_mean", "features.11.conv.3.running_var", "features.11.conv.3.num_batches_tracked", "features.12.conv.0.0.weight", "features.12.conv.0.1.weight", "features.12.conv.0.1.bias", "features.12.conv.0.1.running_mean", "features.12.conv.0.1.running_var", "features.12.conv.0.1.num_batches_tracked", "features.12.conv.1.0.weight", "features.12.conv.1.1.weight", "features.12.conv.1.1.bias", "features.12.conv.1.1.running_mean", "features.12.conv.1.1.running_var", "features.12.conv.1.1.num_batches_tracked", "features.12.conv.2.weight", "features.12.conv.3.weight", "features.12.conv.3.bias", "features.12.conv.3.running_mean", "features.12.conv.3.running_var", "features.12.conv.3.num_batches_tracked", "features.13.conv.0.0.weight", "features.13.conv.0.1.weight", "features.13.conv.0.1.bias", "features.13.conv.0.1.running_mean", "features.13.conv.0.1.running_var", "features.13.conv.0.1.num_batches_tracked", "features.13.conv.1.0.weight", "features.13.conv.1.1.weight", "features.13.conv.1.1.bias", "features.13.conv.1.1.running_mean", "features.13.conv.1.1.running_var", "features.13.conv.1.1.num_batches_tracked", "features.13.conv.2.weight", "features.13.conv.3.weight", "features.13.conv.3.bias", "features.13.conv.3.running_mean", "features.13.conv.3.running_var", "features.13.conv.3.num_batches_tracked", "features.14.conv.0.0.weight", "features.14.conv.0.1.weight", "features.14.conv.0.1.bias", "features.14.conv.0.1.running_mean", "features.14.conv.0.1.running_var", "features.14.conv.0.1.num_batches_tracked", "features.14.conv.1.0.weight", "features.14.conv.1.1.weight", "features.14.conv.1.1.bias", "features.14.conv.1.1.running_mean", "features.14.conv.1.1.running_var", "features.14.conv.1.1.num_batches_tracked", "features.14.conv.2.weight", "features.14.conv.3.weight", "features.14.conv.3.bias", "features.14.conv.3.running_mean", "features.14.conv.3.running_var", "features.14.conv.3.num_batches_tracked", "features.15.conv.0.0.weight", "features.15.conv.0.1.weight", "features.15.conv.0.1.bias", "features.15.conv.0.1.running_mean", "features.15.conv.0.1.running_var", "features.15.conv.0.1.num_batches_tracked", "features.15.conv.1.0.weight", "features.15.conv.1.1.weight", "features.15.conv.1.1.bias", "features.15.conv.1.1.running_mean", "features.15.conv.1.1.running_var", "features.15.conv.1.1.num_batches_tracked", "features.15.conv.2.weight", "features.15.conv.3.weight", "features.15.conv.3.bias", "features.15.conv.3.running_mean", "features.15.conv.3.running_var", "features.15.conv.3.num_batches_tracked", "features.16.conv.0.0.weight", "features.16.conv.0.1.weight", "features.16.conv.0.1.bias", "features.16.conv.0.1.running_mean", "features.16.conv.0.1.running_var", "features.16.conv.0.1.num_batches_tracked", "features.16.conv.1.0.weight", "features.16.conv.1.1.weight", "features.16.conv.1.1.bias", "features.16.conv.1.1.running_mean", "features.16.conv.1.1.running_var", "features.16.conv.1.1.num_batches_tracked", "features.16.conv.2.weight", "features.16.conv.3.weight", "features.16.conv.3.bias", "features.16.conv.3.running_mean", "features.16.conv.3.running_var", "features.16.conv.3.num_batches_tracked", "features.17.conv.0.0.weight", "features.17.conv.0.1.weight", "features.17.conv.0.1.bias", "features.17.conv.0.1.running_mean", "features.17.conv.0.1.running_var", "features.17.conv.0.1.num_batches_tracked", "features.17.conv.1.0.weight", "features.17.conv.1.1.weight", "features.17.conv.1.1.bias", "features.17.conv.1.1.running_mean", "features.17.conv.1.1.running_var", "features.17.conv.1.1.num_batches_tracked", "features.17.conv.2.weight", "features.17.conv.3.weight", "features.17.conv.3.bias", "features.17.conv.3.running_mean", "features.17.conv.3.running_var", "features.17.conv.3.num_batches_tracked", "features.18.0.weight", "features.18.1.weight", "features.18.1.bias", "features.18.1.running_mean", "features.18.1.running_var", "features.18.1.num_batches_tracked", "classifier.1.weight", "classifier.1.bias". "
9,"resnet34_deep_20260214_042917.pth",0.000000,0.000000,0.000000,0.000000,0.000000,0.000000,0.000000,0.000000,0.000000,0.000000,0.000000,0.000000,0.000000,0.000000,0.000000,0.000000,0.000000,0.000000,0.000000,0.000000,0.000000,0.000000,0.000000,0.000000,0.000000,0.000000,0.000000,0.000000,0.000000,0.000000,0.000000,0,0,0,0,0,0,0,0,0,0,0,0,0,0,0,0,0,0,0,0,0,"Error(s) in loading state_dict for ResNet:
	Unexpected key(s) in state_dict: "layer1.2.conv1.weight", "layer1.2.bn1.weight", "layer1.2.bn1.bias", "layer1.2.bn1.running_mean", "layer1.2.bn1.running_var", "layer1.2.bn1.num_batches_tracked", "layer1.2.conv2.weight", "layer1.2.bn2.weight", "layer1.2.bn2.bias", "layer1.2.bn2.running_mean", "layer1.2.bn2.running_var", "layer1.2.bn2.num_batches_tracked", "layer2.2.conv1.weight", "layer2.2.bn1.weight", "layer2.2.bn1.bias", "layer2.2.bn1.running_mean", "layer2.2.bn1.running_var", "layer2.2.bn1.num_batches_tracked", "layer2.2.conv2.weight", "layer2.2.bn2.weight", "layer2.2.bn2.bias", "layer2.2.bn2.running_mean", "layer2.2.bn2.running_var", "layer2.2.bn2.num_batches_tracked", "layer2.3.conv1.weight", "layer2.3.bn1.weight", "layer2.3.bn1.bias", "layer2.3.bn1.running_mean", "layer2.3.bn1.running_var", "layer2.3.bn1.num_batches_tracked", "layer2.3.conv2.weight", "layer2.3.bn2.weight", "layer2.3.bn2.bias", "layer2.3.bn2.running_mean", "layer2.3.bn2.running_var", "layer2.3.bn2.num_batches_tracked", "layer3.2.conv1.weight", "layer3.2.bn1.weight", "layer3.2.bn1.bias", "layer3.2.bn1.running_mean", "layer3.2.bn1.running_var", "layer3.2.bn1.num_batches_tracked", "layer3.2.conv2.weight", "layer3.2.bn2.weight", "layer3.2.bn2.bias", "layer3.2.bn2.running_mean", "layer3.2.bn2.running_var", "layer3.2.bn2.num_batches_tracked", "layer3.3.conv1.weight", "layer3.3.bn1.weight", "layer3.3.bn1.bias", "layer3.3.bn1.running_mean", "layer3.3.bn1.running_var", "layer3.3.bn1.num_batches_tracked", "layer3.3.conv2.weight", "layer3.3.bn2.weight", "layer3.3.bn2.bias", "layer3.3.bn2.running_mean", "layer3.3.bn2.running_var", "layer3.3.bn2.num_batches_tracked", "layer3.4.conv1.weight", "layer3.4.bn1.weight", "layer3.4.bn1.bias", "layer3.4.bn1.running_mean", "layer3.4.bn1.running_var", "layer3.4.bn1.num_batches_tracked", "layer3.4.conv2.weight", "layer3.4.bn2.weight", "layer3.4.bn2.bias", "layer3.4.bn2.running_mean", "layer3.4.bn2.running_var", "layer3.4.bn2.num_batches_tracked", "layer3.5.conv1.weight", "layer3.5.bn1.weight", "layer3.5.bn1.bias", "layer3.5.bn1.running_mean", "layer3.5.bn1.running_var", "layer3.5.bn1.num_batches_tracked", "layer3.5.conv2.weight", "layer3.5.bn2.weight", "layer3.5.bn2.bias", "layer3.5.bn2.running_mean", "layer3.5.bn2.running_var", "layer3.5.bn2.num_batches_tracked", "layer4.2.conv1.weight", "layer4.2.bn1.weight", "layer4.2.bn1.bias", "layer4.2.bn1.running_mean", "layer4.2.bn1.running_var", "layer4.2.bn1.num_batches_tracked", "layer4.2.conv2.weight", "layer4.2.bn2.weight", "layer4.2.bn2.bias", "layer4.2.bn2.running_mean", "layer4.2.bn2.running_var", "layer4.2.bn2.num_batches_tracked". "
10,"efficientnet_b0_20260214_042226.pth",0.000000,0.000000,0.000000,0.000000,0.000000,0.000000,0.000000,0.000000,0.000000,0.000000,0.000000,0.000000,0.000000,0.000000,0.000000,0.000000,0.000000,0.000000,0.000000,0.000000,0.000000,0.000000,0.000000,0.000000,0.000000,0.000000,0.000000,0.000000,0.000000,0.000000,0.000000,0,0,0,0,0,0,0,0,0,0,0,0,0,0,0,0,0,0,0,0,0,"Error(s) in loading state_dict for ResNet:
	Missing key(s) in state_dict: "conv1.weight", "bn1.weight", "bn1.bias", "bn1.running_mean", "bn1.running_var", "layer1.0.conv1.weight", "layer1.0.bn1.weight", "layer1.0.bn1.bias", "layer1.0.bn1.running_mean", "layer1.0.bn1.running_var", "layer1.0.conv2.weight", "layer1.0.bn2.weight", "layer1.0.bn2.bias", "layer1.0.bn2.running_mean", "layer1.0.bn2.running_var", "layer1.1.conv1.weight", "layer1.1.bn1.weight", "layer1.1.bn1.bias", "layer1.1.bn1.running_mean", "layer1.1.bn1.running_var", "layer1.1.conv2.weight", "layer1.1.bn2.weight", "layer1.1.bn2.bias", "layer1.1.bn2.running_mean", "layer1.1.bn2.running_var", "layer2.0.conv1.weight", "layer2.0.bn1.weight", "layer2.0.bn1.bias", "layer2.0.bn1.running_mean", "layer2.0.bn1.running_var", "layer2.0.conv2.weight", "layer2.0.bn2.weight", "layer2.0.bn2.bias", "layer2.0.bn2.running_mean", "layer2.0.bn2.running_var", "layer2.0.downsample.0.weight", "layer2.0.downsample.1.weight", "layer2.0.downsample.1.bias", "layer2.0.downsample.1.running_mean", "layer2.0.downsample.1.running_var", "layer2.1.conv1.weight", "layer2.1.bn1.weight", "layer2.1.bn1.bias", "layer2.1.bn1.running_mean", "layer2.1.bn1.running_var", "layer2.1.conv2.weight", "layer2.1.bn2.weight", "layer2.1.bn2.bias", "layer2.1.bn2.running_mean", "layer2.1.bn2.running_var", "layer3.0.conv1.weight", "layer3.0.bn1.weight", "layer3.0.bn1.bias", "layer3.0.bn1.running_mean", "layer3.0.bn1.running_var", "layer3.0.conv2.weight", "layer3.0.bn2.weight", "layer3.0.bn2.bias", "layer3.0.bn2.running_mean", "layer3.0.bn2.running_var", "layer3.0.downsample.0.weight", "layer3.0.downsample.1.weight", "layer3.0.downsample.1.bias", "layer3.0.downsample.1.running_mean", "layer3.0.downsample.1.running_var", "layer3.1.conv1.weight", "layer3.1.bn1.weight", "layer3.1.bn1.bias", "layer3.1.bn1.running_mean", "layer3.1.bn1.running_var", "layer3.1.conv2.weight", "layer3.1.bn2.weight", "layer3.1.bn2.bias", "layer3.1.bn2.running_mean", "layer3.1.bn2.running_var", "layer4.0.conv1.weight", "layer4.0.bn1.weight", "layer4.0.bn1.bias", "layer4.0.bn1.running_mean", "layer4.0.bn1.running_var", "layer4.0.conv2.weight", "layer4.0.bn2.weight", "layer4.0.bn2.bias", "layer4.0.bn2.running_mean", "layer4.0.bn2.running_var", "layer4.0.downsample.0.weight", "layer4.0.downsample.1.weight", "layer4.0.downsample.1.bias", "layer4.0.downsample.1.running_mean", "layer4.0.downsample.1.running_var", "layer4.1.conv1.weight", "layer4.1.bn1.weight", "layer4.1.bn1.bias", "layer4.1.bn1.running_mean", "layer4.1.bn1.running_var", "layer4.1.conv2.weight", "layer4.1.bn2.weight", "layer4.1.bn2.bias", "layer4.1.bn2.running_mean", "layer4.1.bn2.running_var", "fc.weight", "fc.bias". 
	Unexpected key(s) in state_dict: "features.0.0.weight", "features.0.1.weight", "features.0.1.bias", "features.0.1.running_mean", "features.0.1.running_var", "features.0.1.num_batches_tracked", "features.1.0.block.0.0.weight", "features.1.0.block.0.1.weight", "features.1.0.block.0.1.bias", "features.1.0.block.0.1.running_mean", "features.1.0.block.0.1.running_var", "features.1.0.block.0.1.num_batches_tracked", "features.1.0.block.1.fc1.weight", "features.1.0.block.1.fc1.bias", "features.1.0.block.1.fc2.weight", "features.1.0.block.1.fc2.bias", "features.1.0.block.2.0.weight", "features.1.0.block.2.1.weight", "features.1.0.block.2.1.bias", "features.1.0.block.2.1.running_mean", "features.1.0.block.2.1.running_var", "features.1.0.block.2.1.num_batches_tracked", "features.2.0.block.0.0.weight", "features.2.0.block.0.1.weight", "features.2.0.block.0.1.bias", "features.2.0.block.0.1.running_mean", "features.2.0.block.0.1.running_var", "features.2.0.block.0.1.num_batches_tracked", "features.2.0.block.1.0.weight", "features.2.0.block.1.1.weight", "features.2.0.block.1.1.bias", "features.2.0.block.1.1.running_mean", "features.2.0.block.1.1.running_var", "features.2.0.block.1.1.num_batches_tracked", "features.2.0.block.2.fc1.weight", "features.2.0.block.2.fc1.bias", "features.2.0.block.2.fc2.weight", "features.2.0.block.2.fc2.bias", "features.2.0.block.3.0.weight", "features.2.0.block.3.1.weight", "features.2.0.block.3.1.bias", "features.2.0.block.3.1.running_mean", "features.2.0.block.3.1.running_var", "features.2.0.block.3.1.num_batches_tracked", "features.2.1.block.0.0.weight", "features.2.1.block.0.1.weight", "features.2.1.block.0.1.bias", "features.2.1.block.0.1.running_mean", "features.2.1.block.0.1.running_var", "features.2.1.block.0.1.num_batches_tracked", "features.2.1.block.1.0.weight", "features.2.1.block.1.1.weight", "features.2.1.block.1.1.bias", "features.2.1.block.1.1.running_mean", "features.2.1.block.1.1.running_var", "features.2.1.block.1.1.num_batches_tracked", "features.2.1.block.2.fc1.weight", "features.2.1.block.2.fc1.bias", "features.2.1.block.2.fc2.weight", "features.2.1.block.2.fc2.bias", "features.2.1.block.3.0.weight", "features.2.1.block.3.1.weight", "features.2.1.block.3.1.bias", "features.2.1.block.3.1.running_mean", "features.2.1.block.3.1.running_var", "features.2.1.block.3.1.num_batches_tracked", "features.3.0.block.0.0.weight", "features.3.0.block.0.1.weight", "features.3.0.block.0.1.bias", "features.3.0.block.0.1.running_mean", "features.3.0.block.0.1.running_var", "features.3.0.block.0.1.num_batches_tracked", "features.3.0.block.1.0.weight", "features.3.0.block.1.1.weight", "features.3.0.block.1.1.bias", "features.3.0.block.1.1.running_mean", "features.3.0.block.1.1.running_var", "features.3.0.block.1.1.num_batches_tracked", "features.3.0.block.2.fc1.weight", "features.3.0.block.2.fc1.bias", "features.3.0.block.2.fc2.weight", "features.3.0.block.2.fc2.bias", "features.3.0.block.3.0.weight", "features.3.0.block.3.1.weight", "features.3.0.block.3.1.bias", "features.3.0.block.3.1.running_mean", "features.3.0.block.3.1.running_var", "features.3.0.block.3.1.num_batches_tracked", "features.3.1.block.0.0.weight", "features.3.1.block.0.1.weight", "features.3.1.block.0.1.bias", "features.3.1.block.0.1.running_mean", "features.3.1.block.0.1.running_var", "features.3.1.block.0.1.num_batches_tracked", "features.3.1.block.1.0.weight", "features.3.1.block.1.1.weight", "features.3.1.block.1.1.bias", "features.3.1.block.1.1.running_mean", "features.3.1.block.1.1.running_var", "features.3.1.block.1.1.num_batches_tracked", "features.3.1.block.2.fc1.weight", "features.3.1.block.2.fc1.bias", "features.3.1.block.2.fc2.weight", "features.3.1.block.2.fc2.bias", "features.3.1.block.3.0.weight", "features.3.1.block.3.1.weight", "features.3.1.block.3.1.bias", "features.3.1.block.3.1.running_mean", "features.3.1.block.3.1.running_var", "features.3.1.block.3.1.num_batches_tracked", "features.4.0.block.0.0.weight", "features.4.0.block.0.1.weight", "features.4.0.block.0.1.bias", "features.4.0.block.0.1.running_mean", "features.4.0.block.0.1.running_var", "features.4.0.block.0.1.num_batches_tracked", "features.4.0.block.1.0.weight", "features.4.0.block.1.1.weight", "features.4.0.block.1.1.bias", "features.4.0.block.1.1.running_mean", "features.4.0.block.1.1.running_var", "features.4.0.block.1.1.num_batches_tracked", "features.4.0.block.2.fc1.weight", "features.4.0.block.2.fc1.bias", "features.4.0.block.2.fc2.weight", "features.4.0.block.2.fc2.bias", "features.4.0.block.3.0.weight", "features.4.0.block.3.1.weight", "features.4.0.block.3.1.bias", "features.4.0.block.3.1.running_mean", "features.4.0.block.3.1.running_var", "features.4.0.block.3.1.num_batches_tracked", "features.4.1.block.0.0.weight", "features.4.1.block.0.1.weight", "features.4.1.block.0.1.bias", "features.4.1.block.0.1.running_mean", "features.4.1.block.0.1.running_var", "features.4.1.block.0.1.num_batches_tracked", "features.4.1.block.1.0.weight", "features.4.1.block.1.1.weight", "features.4.1.block.1.1.bias", "features.4.1.block.1.1.running_mean", "features.4.1.block.1.1.running_var", "features.4.1.block.1.1.num_batches_tracked", "features.4.1.block.2.fc1.weight", "features.4.1.block.2.fc1.bias", "features.4.1.block.2.fc2.weight", "features.4.1.block.2.fc2.bias", "features.4.1.block.3.0.weight", "features.4.1.block.3.1.weight", "features.4.1.block.3.1.bias", "features.4.1.block.3.1.running_mean", "features.4.1.block.3.1.running_var", "features.4.1.block.3.1.num_batches_tracked", "features.4.2.block.0.0.weight", "features.4.2.block.0.1.weight", "features.4.2.block.0.1.bias", "features.4.2.block.0.1.running_mean", "features.4.2.block.0.1.running_var", "features.4.2.block.0.1.num_batches_tracked", "features.4.2.block.1.0.weight", "features.4.2.block.1.1.weight", "features.4.2.block.1.1.bias", "features.4.2.block.1.1.running_mean", "features.4.2.block.1.1.running_var", "features.4.2.block.1.1.num_batches_tracked", "features.4.2.block.2.fc1.weight", "features.4.2.block.2.fc1.bias", "features.4.2.block.2.fc2.weight", "features.4.2.block.2.fc2.bias", "features.4.2.block.3.0.weight", "features.4.2.block.3.1.weight", "features.4.2.block.3.1.bias", "features.4.2.block.3.1.running_mean", "features.4.2.block.3.1.running_var", "features.4.2.block.3.1.num_batches_tracked", "features.5.0.block.0.0.weight", "features.5.0.block.0.1.weight", "features.5.0.block.0.1.bias", "features.5.0.block.0.1.running_mean", "features.5.0.block.0.1.running_var", "features.5.0.block.0.1.num_batches_tracked", "features.5.0.block.1.0.weight", "features.5.0.block.1.1.weight", "features.5.0.block.1.1.bias", "features.5.0.block.1.1.running_mean", "features.5.0.block.1.1.running_var", "features.5.0.block.1.1.num_batches_tracked", "features.5.0.block.2.fc1.weight", "features.5.0.block.2.fc1.bias", "features.5.0.block.2.fc2.weight", "features.5.0.block.2.fc2.bias", "features.5.0.block.3.0.weight", "features.5.0.block.3.1.weight", "features.5.0.block.3.1.bias", "features.5.0.block.3.1.running_mean", "features.5.0.block.3.1.running_var", "features.5.0.block.3.1.num_batches_tracked", "features.5.1.block.0.0.weight", "features.5.1.block.0.1.weight", "features.5.1.block.0.1.bias", "features.5.1.block.0.1.running_mean", "features.5.1.block.0.1.running_var", "features.5.1.block.0.1.num_batches_tracked", "features.5.1.block.1.0.weight", "features.5.1.block.1.1.weight", "features.5.1.block.1.1.bias", "features.5.1.block.1.1.running_mean", "features.5.1.block.1.1.running_var", "features.5.1.block.1.1.num_batches_tracked", "features.5.1.block.2.fc1.weight", "features.5.1.block.2.fc1.bias", "features.5.1.block.2.fc2.weight", "features.5.1.block.2.fc2.bias", "features.5.1.block.3.0.weight", "features.5.1.block.3.1.weight", "features.5.1.block.3.1.bias", "features.5.1.block.3.1.running_mean", "features.5.1.block.3.1.running_var", "features.5.1.block.3.1.num_batches_tracked", "features.5.2.block.0.0.weight", "features.5.2.block.0.1.weight", "features.5.2.block.0.1.bias", "features.5.2.block.0.1.running_mean", "features.5.2.block.0.1.running_var", "features.5.2.block.0.1.num_batches_tracked", "features.5.2.block.1.0.weight", "features.5.2.block.1.1.weight", "features.5.2.block.1.1.bias", "features.5.2.block.1.1.running_mean", "features.5.2.block.1.1.running_var", "features.5.2.block.1.1.num_batches_tracked", "features.5.2.block.2.fc1.weight", "features.5.2.block.2.fc1.bias", "features.5.2.block.2.fc2.weight", "features.5.2.block.2.fc2.bias", "features.5.2.block.3.0.weight", "features.5.2.block.3.1.weight", "features.5.2.block.3.1.bias", "features.5.2.block.3.1.running_mean", "features.5.2.block.3.1.running_var", "features.5.2.block.3.1.num_batches_tracked", "features.6.0.block.0.0.weight", "features.6.0.block.0.1.weight", "features.6.0.block.0.1.bias", "features.6.0.block.0.1.running_mean", "features.6.0.block.0.1.running_var", "features.6.0.block.0.1.num_batches_tracked", "features.6.0.block.1.0.weight", "features.6.0.block.1.1.weight", "features.6.0.block.1.1.bias", "features.6.0.block.1.1.running_mean", "features.6.0.block.1.1.running_var", "features.6.0.block.1.1.num_batches_tracked", "features.6.0.block.2.fc1.weight", "features.6.0.block.2.fc1.bias", "features.6.0.block.2.fc2.weight", "features.6.0.block.2.fc2.bias", "features.6.0.block.3.0.weight", "features.6.0.block.3.1.weight", "features.6.0.block.3.1.bias", "features.6.0.block.3.1.running_mean", "features.6.0.block.3.1.running_var", "features.6.0.block.3.1.num_batches_tracked", "features.6.1.block.0.0.weight", "features.6.1.block.0.1.weight", "features.6.1.block.0.1.bias", "features.6.1.block.0.1.running_mean", "features.6.1.block.0.1.running_var", "features.6.1.block.0.1.num_batches_tracked", "features.6.1.block.1.0.weight", "features.6.1.block.1.1.weight", "features.6.1.block.1.1.bias", "features.6.1.block.1.1.running_mean", "features.6.1.block.1.1.running_var", "features.6.1.block.1.1.num_batches_tracked", "features.6.1.block.2.fc1.weight", "features.6.1.block.2.fc1.bias", "features.6.1.block.2.fc2.weight", "features.6.1.block.2.fc2.bias", "features.6.1.block.3.0.weight", "features.6.1.block.3.1.weight", "features.6.1.block.3.1.bias", "features.6.1.block.3.1.running_mean", "features.6.1.block.3.1.running_var", "features.6.1.block.3.1.num_batches_tracked", "features.6.2.block.0.0.weight", "features.6.2.block.0.1.weight", "features.6.2.block.0.1.bias", "features.6.2.block.0.1.running_mean", "features.6.2.block.0.1.running_var", "features.6.2.block.0.1.num_batches_tracked", "features.6.2.block.1.0.weight", "features.6.2.block.1.1.weight", "features.6.2.block.1.1.bias", "features.6.2.block.1.1.running_mean", "features.6.2.block.1.1.running_var", "features.6.2.block.1.1.num_batches_tracked", "features.6.2.block.2.fc1.weight", "features.6.2.block.2.fc1.bias", "features.6.2.block.2.fc2.weight", "features.6.2.block.2.fc2.bias", "features.6.2.block.3.0.weight", "features.6.2.block.3.1.weight", "features.6.2.block.3.1.bias", "features.6.2.block.3.1.running_mean", "features.6.2.block.3.1.running_var", "features.6.2.block.3.1.num_batches_tracked", "features.6.3.block.0.0.weight", "features.6.3.block.0.1.weight", "features.6.3.block.0.1.bias", "features.6.3.block.0.1.running_mean", "features.6.3.block.0.1.running_var", "features.6.3.block.0.1.num_batches_tracked", "features.6.3.block.1.0.weight", "features.6.3.block.1.1.weight", "features.6.3.block.1.1.bias", "features.6.3.block.1.1.running_mean", "features.6.3.block.1.1.running_var", "features.6.3.block.1.1.num_batches_tracked", "features.6.3.block.2.fc1.weight", "features.6.3.block.2.fc1.bias", "features.6.3.block.2.fc2.weight", "features.6.3.block.2.fc2.bias", "features.6.3.block.3.0.weight", "features.6.3.block.3.1.weight", "features.6.3.block.3.1.bias", "features.6.3.block.3.1.running_mean", "features.6.3.block.3.1.running_var", "features.6.3.block.3.1.num_batches_tracked", "features.7.0.block.0.0.weight", "features.7.0.block.0.1.weight", "features.7.0.block.0.1.bias", "features.7.0.block.0.1.running_mean", "features.7.0.block.0.1.running_var", "features.7.0.block.0.1.num_batches_tracked", "features.7.0.block.1.0.weight", "features.7.0.block.1.1.weight", "features.7.0.block.1.1.bias", "features.7.0.block.1.1.running_mean", "features.7.0.block.1.1.running_var", "features.7.0.block.1.1.num_batches_tracked", "features.7.0.block.2.fc1.weight", "features.7.0.block.2.fc1.bias", "features.7.0.block.2.fc2.weight", "features.7.0.block.2.fc2.bias", "features.7.0.block.3.0.weight", "features.7.0.block.3.1.weight", "features.7.0.block.3.1.bias", "features.7.0.block.3.1.running_mean", "features.7.0.block.3.1.running_var", "features.7.0.block.3.1.num_batches_tracked", "features.8.0.weight", "features.8.1.weight", "features.8.1.bias", "features.8.1.running_mean", "features.8.1.running_var", "features.8.1.num_batches_tracked", "classifier.1.weight", "classifier.1.bias". "
11,"mobilenet_v2_small_20260214_035156_best.pth",0.000000,0.000000,0.000000,0.000000,0.000000,0.000000,0.000000,0.000000,0.000000,0.000000,0.000000,0.000000,0.000000,0.000000,0.000000,0.000000,0.000000,0.000000,0.000000,0.000000,0.000000,0.000000,0.000000,0.000000,0.000000,0.000000,0.000000,0.000000,0.000000,0.000000,0.000000,0,0,0,0,0,0,0,0,0,0,0,0,0,0,0,0,0,0,0,0,0,"Error(s) in loading state_dict for ResNet:
	Missing key(s) in state_dict: "conv1.weight", "bn1.weight", "bn1.bias", "bn1.running_mean", "bn1.running_var", "layer1.0.conv1.weight", "layer1.0.bn1.weight", "layer1.0.bn1.bias", "layer1.0.bn1.running_mean", "layer1.0.bn1.running_var", "layer1.0.conv2.weight", "layer1.0.bn2.weight", "layer1.0.bn2.bias", "layer1.0.bn2.running_mean", "layer1.0.bn2.running_var", "layer1.1.conv1.weight", "layer1.1.bn1.weight", "layer1.1.bn1.bias", "layer1.1.bn1.running_mean", "layer1.1.bn1.running_var", "layer1.1.conv2.weight", "layer1.1.bn2.weight", "layer1.1.bn2.bias", "layer1.1.bn2.running_mean", "layer1.1.bn2.running_var", "layer2.0.conv1.weight", "layer2.0.bn1.weight", "layer2.0.bn1.bias", "layer2.0.bn1.running_mean", "layer2.0.bn1.running_var", "layer2.0.conv2.weight", "layer2.0.bn2.weight", "layer2.0.bn2.bias", "layer2.0.bn2.running_mean", "layer2.0.bn2.running_var", "layer2.0.downsample.0.weight", "layer2.0.downsample.1.weight", "layer2.0.downsample.1.bias", "layer2.0.downsample.1.running_mean", "layer2.0.downsample.1.running_var", "layer2.1.conv1.weight", "layer2.1.bn1.weight", "layer2.1.bn1.bias", "layer2.1.bn1.running_mean", "layer2.1.bn1.running_var", "layer2.1.conv2.weight", "layer2.1.bn2.weight", "layer2.1.bn2.bias", "layer2.1.bn2.running_mean", "layer2.1.bn2.running_var", "layer3.0.conv1.weight", "layer3.0.bn1.weight", "layer3.0.bn1.bias", "layer3.0.bn1.running_mean", "layer3.0.bn1.running_var", "layer3.0.conv2.weight", "layer3.0.bn2.weight", "layer3.0.bn2.bias", "layer3.0.bn2.running_mean", "layer3.0.bn2.running_var", "layer3.0.downsample.0.weight", "layer3.0.downsample.1.weight", "layer3.0.downsample.1.bias", "layer3.0.downsample.1.running_mean", "layer3.0.downsample.1.running_var", "layer3.1.conv1.weight", "layer3.1.bn1.weight", "layer3.1.bn1.bias", "layer3.1.bn1.running_mean", "layer3.1.bn1.running_var", "layer3.1.conv2.weight", "layer3.1.bn2.weight", "layer3.1.bn2.bias", "layer3.1.bn2.running_mean", "layer3.1.bn2.running_var", "layer4.0.conv1.weight", "layer4.0.bn1.weight", "layer4.0.bn1.bias", "layer4.0.bn1.running_mean", "layer4.0.bn1.running_var", "layer4.0.conv2.weight", "layer4.0.bn2.weight", "layer4.0.bn2.bias", "layer4.0.bn2.running_mean", "layer4.0.bn2.running_var", "layer4.0.downsample.0.weight", "layer4.0.downsample.1.weight", "layer4.0.downsample.1.bias", "layer4.0.downsample.1.running_mean", "layer4.0.downsample.1.running_var", "layer4.1.conv1.weight", "layer4.1.bn1.weight", "layer4.1.bn1.bias", "layer4.1.bn1.running_mean", "layer4.1.bn1.running_var", "layer4.1.conv2.weight", "layer4.1.bn2.weight", "layer4.1.bn2.bias", "layer4.1.bn2.running_mean", "layer4.1.bn2.running_var", "fc.weight", "fc.bias". 
	Unexpected key(s) in state_dict: "features.0.0.weight", "features.0.1.weight", "features.0.1.bias", "features.0.1.running_mean", "features.0.1.running_var", "features.0.1.num_batches_tracked", "features.1.conv.0.0.weight", "features.1.conv.0.1.weight", "features.1.conv.0.1.bias", "features.1.conv.0.1.running_mean", "features.1.conv.0.1.running_var", "features.1.conv.0.1.num_batches_tracked", "features.1.conv.1.weight", "features.1.conv.2.weight", "features.1.conv.2.bias", "features.1.conv.2.running_mean", "features.1.conv.2.running_var", "features.1.conv.2.num_batches_tracked", "features.2.conv.0.0.weight", "features.2.conv.0.1.weight", "features.2.conv.0.1.bias", "features.2.conv.0.1.running_mean", "features.2.conv.0.1.running_var", "features.2.conv.0.1.num_batches_tracked", "features.2.conv.1.0.weight", "features.2.conv.1.1.weight", "features.2.conv.1.1.bias", "features.2.conv.1.1.running_mean", "features.2.conv.1.1.running_var", "features.2.conv.1.1.num_batches_tracked", "features.2.conv.2.weight", "features.2.conv.3.weight", "features.2.conv.3.bias", "features.2.conv.3.running_mean", "features.2.conv.3.running_var", "features.2.conv.3.num_batches_tracked", "features.3.conv.0.0.weight", "features.3.conv.0.1.weight", "features.3.conv.0.1.bias", "features.3.conv.0.1.running_mean", "features.3.conv.0.1.running_var", "features.3.conv.0.1.num_batches_tracked", "features.3.conv.1.0.weight", "features.3.conv.1.1.weight", "features.3.conv.1.1.bias", "features.3.conv.1.1.running_mean", "features.3.conv.1.1.running_var", "features.3.conv.1.1.num_batches_tracked", "features.3.conv.2.weight", "features.3.conv.3.weight", "features.3.conv.3.bias", "features.3.conv.3.running_mean", "features.3.conv.3.running_var", "features.3.conv.3.num_batches_tracked", "features.4.conv.0.0.weight", "features.4.conv.0.1.weight", "features.4.conv.0.1.bias", "features.4.conv.0.1.running_mean", "features.4.conv.0.1.running_var", "features.4.conv.0.1.num_batches_tracked", "features.4.conv.1.0.weight", "features.4.conv.1.1.weight", "features.4.conv.1.1.bias", "features.4.conv.1.1.running_mean", "features.4.conv.1.1.running_var", "features.4.conv.1.1.num_batches_tracked", "features.4.conv.2.weight", "features.4.conv.3.weight", "features.4.conv.3.bias", "features.4.conv.3.running_mean", "features.4.conv.3.running_var", "features.4.conv.3.num_batches_tracked", "features.5.conv.0.0.weight", "features.5.conv.0.1.weight", "features.5.conv.0.1.bias", "features.5.conv.0.1.running_mean", "features.5.conv.0.1.running_var", "features.5.conv.0.1.num_batches_tracked", "features.5.conv.1.0.weight", "features.5.conv.1.1.weight", "features.5.conv.1.1.bias", "features.5.conv.1.1.running_mean", "features.5.conv.1.1.running_var", "features.5.conv.1.1.num_batches_tracked", "features.5.conv.2.weight", "features.5.conv.3.weight", "features.5.conv.3.bias", "features.5.conv.3.running_mean", "features.5.conv.3.running_var", "features.5.conv.3.num_batches_tracked", "features.6.conv.0.0.weight", "features.6.conv.0.1.weight", "features.6.conv.0.1.bias", "features.6.conv.0.1.running_mean", "features.6.conv.0.1.running_var", "features.6.conv.0.1.num_batches_tracked", "features.6.conv.1.0.weight", "features.6.conv.1.1.weight", "features.6.conv.1.1.bias", "features.6.conv.1.1.running_mean", "features.6.conv.1.1.running_var", "features.6.conv.1.1.num_batches_tracked", "features.6.conv.2.weight", "features.6.conv.3.weight", "features.6.conv.3.bias", "features.6.conv.3.running_mean", "features.6.conv.3.running_var", "features.6.conv.3.num_batches_tracked", "features.7.conv.0.0.weight", "features.7.conv.0.1.weight", "features.7.conv.0.1.bias", "features.7.conv.0.1.running_mean", "features.7.conv.0.1.running_var", "features.7.conv.0.1.num_batches_tracked", "features.7.conv.1.0.weight", "features.7.conv.1.1.weight", "features.7.conv.1.1.bias", "features.7.conv.1.1.running_mean", "features.7.conv.1.1.running_var", "features.7.conv.1.1.num_batches_tracked", "features.7.conv.2.weight", "features.7.conv.3.weight", "features.7.conv.3.bias", "features.7.conv.3.running_mean", "features.7.conv.3.running_var", "features.7.conv.3.num_batches_tracked", "features.8.conv.0.0.weight", "features.8.conv.0.1.weight", "features.8.conv.0.1.bias", "features.8.conv.0.1.running_mean", "features.8.conv.0.1.running_var", "features.8.conv.0.1.num_batches_tracked", "features.8.conv.1.0.weight", "features.8.conv.1.1.weight", "features.8.conv.1.1.bias", "features.8.conv.1.1.running_mean", "features.8.conv.1.1.running_var", "features.8.conv.1.1.num_batches_tracked", "features.8.conv.2.weight", "features.8.conv.3.weight", "features.8.conv.3.bias", "features.8.conv.3.running_mean", "features.8.conv.3.running_var", "features.8.conv.3.num_batches_tracked", "features.9.conv.0.0.weight", "features.9.conv.0.1.weight", "features.9.conv.0.1.bias", "features.9.conv.0.1.running_mean", "features.9.conv.0.1.running_var", "features.9.conv.0.1.num_batches_tracked", "features.9.conv.1.0.weight", "features.9.conv.1.1.weight", "features.9.conv.1.1.bias", "features.9.conv.1.1.running_mean", "features.9.conv.1.1.running_var", "features.9.conv.1.1.num_batches_tracked", "features.9.conv.2.weight", "features.9.conv.3.weight", "features.9.conv.3.bias", "features.9.conv.3.running_mean", "features.9.conv.3.running_var", "features.9.conv.3.num_batches_tracked", "features.10.conv.0.0.weight", "features.10.conv.0.1.weight", "features.10.conv.0.1.bias", "features.10.conv.0.1.running_mean", "features.10.conv.0.1.running_var", "features.10.conv.0.1.num_batches_tracked", "features.10.conv.1.0.weight", "features.10.conv.1.1.weight", "features.10.conv.1.1.bias", "features.10.conv.1.1.running_mean", "features.10.conv.1.1.running_var", "features.10.conv.1.1.num_batches_tracked", "features.10.conv.2.weight", "features.10.conv.3.weight", "features.10.conv.3.bias", "features.10.conv.3.running_mean", "features.10.conv.3.running_var", "features.10.conv.3.num_batches_tracked", "features.11.conv.0.0.weight", "features.11.conv.0.1.weight", "features.11.conv.0.1.bias", "features.11.conv.0.1.running_mean", "features.11.conv.0.1.running_var", "features.11.conv.0.1.num_batches_tracked", "features.11.conv.1.0.weight", "features.11.conv.1.1.weight", "features.11.conv.1.1.bias", "features.11.conv.1.1.running_mean", "features.11.conv.1.1.running_var", "features.11.conv.1.1.num_batches_tracked", "features.11.conv.2.weight", "features.11.conv.3.weight", "features.11.conv.3.bias", "features.11.conv.3.running_mean", "features.11.conv.3.running_var", "features.11.conv.3.num_batches_tracked", "features.12.conv.0.0.weight", "features.12.conv.0.1.weight", "features.12.conv.0.1.bias", "features.12.conv.0.1.running_mean", "features.12.conv.0.1.running_var", "features.12.conv.0.1.num_batches_tracked", "features.12.conv.1.0.weight", "features.12.conv.1.1.weight", "features.12.conv.1.1.bias", "features.12.conv.1.1.running_mean", "features.12.conv.1.1.running_var", "features.12.conv.1.1.num_batches_tracked", "features.12.conv.2.weight", "features.12.conv.3.weight", "features.12.conv.3.bias", "features.12.conv.3.running_mean", "features.12.conv.3.running_var", "features.12.conv.3.num_batches_tracked", "features.13.conv.0.0.weight", "features.13.conv.0.1.weight", "features.13.conv.0.1.bias", "features.13.conv.0.1.running_mean", "features.13.conv.0.1.running_var", "features.13.conv.0.1.num_batches_tracked", "features.13.conv.1.0.weight", "features.13.conv.1.1.weight", "features.13.conv.1.1.bias", "features.13.conv.1.1.running_mean", "features.13.conv.1.1.running_var", "features.13.conv.1.1.num_batches_tracked", "features.13.conv.2.weight", "features.13.conv.3.weight", "features.13.conv.3.bias", "features.13.conv.3.running_mean", "features.13.conv.3.running_var", "features.13.conv.3.num_batches_tracked", "features.14.conv.0.0.weight", "features.14.conv.0.1.weight", "features.14.conv.0.1.bias", "features.14.conv.0.1.running_mean", "features.14.conv.0.1.running_var", "features.14.conv.0.1.num_batches_tracked", "features.14.conv.1.0.weight", "features.14.conv.1.1.weight", "features.14.conv.1.1.bias", "features.14.conv.1.1.running_mean", "features.14.conv.1.1.running_var", "features.14.conv.1.1.num_batches_tracked", "features.14.conv.2.weight", "features.14.conv.3.weight", "features.14.conv.3.bias", "features.14.conv.3.running_mean", "features.14.conv.3.running_var", "features.14.conv.3.num_batches_tracked", "features.15.conv.0.0.weight", "features.15.conv.0.1.weight", "features.15.conv.0.1.bias", "features.15.conv.0.1.running_mean", "features.15.conv.0.1.running_var", "features.15.conv.0.1.num_batches_tracked", "features.15.conv.1.0.weight", "features.15.conv.1.1.weight", "features.15.conv.1.1.bias", "features.15.conv.1.1.running_mean", "features.15.conv.1.1.running_var", "features.15.conv.1.1.num_batches_tracked", "features.15.conv.2.weight", "features.15.conv.3.weight", "features.15.conv.3.bias", "features.15.conv.3.running_mean", "features.15.conv.3.running_var", "features.15.conv.3.num_batches_tracked", "features.16.conv.0.0.weight", "features.16.conv.0.1.weight", "features.16.conv.0.1.bias", "features.16.conv.0.1.running_mean", "features.16.conv.0.1.running_var", "features.16.conv.0.1.num_batches_tracked", "features.16.conv.1.0.weight", "features.16.conv.1.1.weight", "features.16.conv.1.1.bias", "features.16.conv.1.1.running_mean", "features.16.conv.1.1.running_var", "features.16.conv.1.1.num_batches_tracked", "features.16.conv.2.weight", "features.16.conv.3.weight", "features.16.conv.3.bias", "features.16.conv.3.running_mean", "features.16.conv.3.running_var", "features.16.conv.3.num_batches_tracked", "features.17.conv.0.0.weight", "features.17.conv.0.1.weight", "features.17.conv.0.1.bias", "features.17.conv.0.1.running_mean", "features.17.conv.0.1.running_var", "features.17.conv.0.1.num_batches_tracked", "features.17.conv.1.0.weight", "features.17.conv.1.1.weight", "features.17.conv.1.1.bias", "features.17.conv.1.1.running_mean", "features.17.conv.1.1.running_var", "features.17.conv.1.1.num_batches_tracked", "features.17.conv.2.weight", "features.17.conv.3.weight", "features.17.conv.3.bias", "features.17.conv.3.running_mean", "features.17.conv.3.running_var", "features.17.conv.3.num_batches_tracked", "features.18.0.weight", "features.18.1.weight", "features.18.1.bias", "features.18.1.running_mean", "features.18.1.running_var", "features.18.1.num_batches_tracked", "classifier.1.weight", "classifier.1.bias". "